|--------------------------------------------|--------|
| Address                                    | Amount |
|--------------------------------------------|--------|
| 0xA771E1625DD4FAa2Ff0a41FA119Eb9644c9A46C8 |   1000 |
|--------------------------------------------|--------|
| 0x13B109506Ab1b120C82D0d342c5E64401a5B6381 |   1000 |
|--------------------------------------------|--------|
| 0xfd182E53C17BD167ABa87592C5ef6414D25bb9B4 |   1000 |
|--------------------------------------------|--------|
| 0xBB9F947cB5b21292DE59EFB0b1e158e90859dddb |   1000 |
|--------------------------------------------|--------|
| 0x78038c9C608e17Cf0090a93B173fb447D273272A |   1000 |
|--------------------------------------------|--------|
| 0xD64b9D6cF79f046E2440a30A0596b6ba0634853b |   1000 |
|--------------------------------------------|--------|
| 0x27CAb1271f494699217800131616Ffc8621b5663 |   1000 |
|--------------------------------------------|--------|
| 0xe8cC9878342Ae49a44473357fb035f57d0C4E0F8 |   1000 |
|--------------------------------------------|--------|
| 0x2F13f9Ab427A58560B27ed9cF2664e6aC8FC6f39 |   1000 |
|--------------------------------------------|--------|
| 0xAFCf75345A5859956F54C3d6887635882eF8d7F9 |   1000 |
|--------------------------------------------|--------|
|                                            |        |
|--------------------------------------------|--------|
